{"cameraMode":{"drawMode":0,"name":"Shaded","section":"Shading Mode"},"sceneLighting":true,"audioPlay":false,"sceneViewState":{"showFog":true,"showMaterialUpdate":false,"showSkybox":true,"showFlares":true,"showImageEffects":true,"showParticleSystems":true},"in2DMode":false,"pivot":{"x":20.9365234375,"y":13.0263671875,"z":2.56396484375},"rotation":{"x":-0.3436066508293152,"y":0.3408951163291931,"z":-0.13548824191093446,"w":-0.8645179271697998},"size":7.777270793914795,"orthographic":true}